company_name,first_name,last_name,email,address_line1,address_line2,city,zipcode,state,phone1,phone2,fax
Weber-Fay,Emelie,Flatley,karen00@botsford.info,50580 Fritz Plains Apt. 353,,Lueilwitzbury,11241-9180,UT,1-309-633-6763 x7000,1-924-877-7608 x5001,+1 (442) 344-8571
Stoltenberg and Sons,Zita,Feeney,glen38@conroy.com,93353 Gulgowski Mills,,West Tressa,91537-7345,UT,(895) 874-1749,638-585-7343 x173,(226) 295-2892
Hyatt-Kerluke,Ophelia,Rempel,mschneider@powlowski.com,67616 Welch Loop,,South Jacqueschester,05398-9006,UT,(780) 973-4063 x009,560-220-1822,(738) 544-2068
"Gibson, Jones and Dickinson",Shana,Deckow,buster81@pfannerstill.com,458 Delores Roads Suite 022,,Dickifurt,48781-1692,UT,+1 (308) 344-1483,602-778-6901,723.645.3306 x043
Bergstrom-Stiedemann,Bret,Kovacek,lenny.morissette@mertz.com,9153 Hansen Station Suite 040,,Trinitybury,75391,UT,(714) 449-0901 x69006,491-470-9569,472-372-6357 x0766
"Jakubowski, Lueilwitz and Howe",Reilly,Grant,witting.lorine@oreilly.com,143 D'Amore Plaza,,East Kayli,65709,UT,1-704-524-1930 x30827,(450) 923-5423 x68756,1-631-920-6152 x958
Grant Group,Imani,Bechtelar,moises.marvin@leannon.com,94210 Kertzmann Drive,,West Jenningston,15035,UT,992.428.2795 x632,916-281-6853,667-868-4154
"Daniel, Osinski and Morar",Jerrod,Russel,daren.barton@senger.info,784 Cummings Fords Suite 175,,Schulistside,86582-5941,UT,1-674-569-1708 x17518,(395) 625-7887,342.215.8170
Mills-Stark,Sandy,Homenick,murazik.braulio@cummings.net,48131 Towne Creek,,East Jules,98609,UT,(985) 918-6456 x422,15633245927,(632) 347-8579
"Wyman, Lockman and Rohan",Bernadine,Corwin,koby.nitzsche@tromp.com,74870 Justyn Burg,,Josiannemouth,95675,UT,484.258.5019 x29835,391.325.7858 x15855,418-390-2236 x86317
"Tromp, Von and Oberbrunner",Emilio,Grant,blair.hickle@bins.com,5810 Grant Via,,Kasandraburgh,35889,UT,515.909.5394 x4023,+1-571-451-9558,482.416.4488 x375
Dickinson-Kiehn,Weldon,Armstrong,yasmin47@adams.net,958 Shanon Locks,,New Loren,42007,UT,751-489-1235,(885) 274-8957 x5458,(573) 514-1682 x572
O'Keefe-Thiel,Gene,Greenholt,alysa31@fay.com,60700 Mac Ports Apt. 095,,North Leanna,51588,UT,1-664-975-7184,1-870-242-1218,339.553.0311 x45278
Witting Inc,Dock,Hills,erwin.little@effertz.com,8087 Russel Ports Apt. 165,,Rohanberg,94249,UT,334.424.0978,1-924-890-5411,306-326-6322 x41879
Hoppe Inc,Julia,Conn,nschmitt@hane.com,9283 Mark Wall,,Ornview,61532-9281,UT,+1-349-394-9497,+1-798-340-5917,1-720-445-0935 x425
McLaughlin-Wisoky,Leonel,Walker,fshanahan@johnston.com,7122 Alycia Orchard,,East Caleigh,28297,UT,1-513-451-9983 x89905,+1-405-907-9377,1-374-285-3546
Nolan-Bashirian,Eva,Rosenbaum,okeeling@streich.info,91215 Wisoky Underpass Apt. 023,,Dietrichland,15958,UT,370-735-5020,1-581-534-9263 x8762,306-540-2637 x1999
"Friesen, Sipes and O'Hara",Brisa,Feest,streich.kyle@kohler.com,3226 Liana Camp Apt. 977,,Grahamshire,293,UT,370.761.7222 x7647,(441) 591-6815 x19842,330.844.3366 x80372
"Zulauf, Schinner and Harris",Leonard,Bruen,amaggio@legros.com,10931 Ronny Keys,,Maiyahaven,97545,UT,702-249-1245 x8649,17534016042,307.436.2905 x9029
Weimann-Prosacco,Skye,Rolfson,romaine.blick@ondricka.com,2277 Turner Key,,East Margarettefort,67646-7524,UT,(752) 896-6930,16433204462,774.306.5546 x108
Cormier-Kilback,Isac,Jones,rasheed.rau@gislason.com,49092 Upton Unions,,New Heathtown,82327-4606,UT,873-678-5370 x4298,1-474-422-7367,401.422.3462 x4782
Leannon-Towne,Sean,Hauck,zieme.shyann@haag.com,846 Herta Plaza,,Daleshire,42432-5015,UT,(658) 267-3803,+1-209-906-4153,+1-372-237-6075
Carroll Inc,Myra,Waelchi,margarett43@weber.info,4403 Whitney Shore Apt. 353,,East Mallieland,66967,UT,671.240.5359,690.898.4571 x0825,1-797-923-6117
"Yost, Stamm and Heaney",Bernie,McGlynn,nina90@baumbach.biz,356 McKenzie Street Apt. 831,,Lake Javonshire,92423,UT,893-643-8878 x298,1-623-996-7939 x580,1-442-746-1961 x3968
"Braun, Zieme and Russel",Zechariah,Kilback,pauline.bauch@ohara.org,69222 Jessika Mission,,North Nelsview,79052,UT,1-251-882-4609 x228,845-659-7677 x2991,263.550.0064 x58266
